{
  "device": "cuda",
  "eps_grid": [
    0.0,
    0.05,
    0.1,
    0.15,
    0.2,
    0.25,
    0.3
  ],
  "clean_acc": 0.9888,
  "rob_clean_acc": 0.9303,
  "fgsm_clean": [
    0.9888,
    0.9529,
    0.8479,
    0.6062,
    0.3187,
    0.1046,
    0.0226
  ],
  "pgd_clean": [
    0.9888,
    0.9364,
    0.692,
    0.2175,
    0.0236,
    0.0236,
    0.0236
  ],
  "fgsm_rob": [
    0.9303,
    0.9131,
    0.8953,
    0.8748,
    0.859,
    0.8478,
    0.8367
  ],
  "pgd_rob": [
    0.9303,
    0.9109,
    0.8838,
    0.8556,
    0.8295,
    0.8295,
    0.8295
  ],
  "per_class_clean": [
    0.9948979591836735,
    0.9938325991189427,
    0.9844961240310077,
    0.994059405940594,
    0.9928716904276986,
    0.9831838565022422,
    0.9926931106471816,
    0.980544747081712,
    0.9856262833675564,
    0.9851337958374629
  ],
  "per_class_adv_fgsm_eps02": [
    0.4530612244897959,
    0.6757709251101321,
    0.29651162790697677,
    0.32574257425742575,
    0.3167006109979633,
    0.16143497757847533,
    0.48643006263048016,
    0.14396887159533073,
    0.1570841889117043,
    0.11793855302279485
  ],
  "train_time_clean_s": 12.805947542190552,
  "train_time_adv_s": 109.3613510131836,
  "attack_time_1024_s": {
    "fgsm": 0.033998966217041016,
    "pgd7": 0.23457646369934082,
    "pgd20": 0.8170521259307861
  },
  "pgd_iters_default": 20,
  "eval_n": 10000
}