{
  "device": "cuda",
  "eps_grid": [
    0.0,
    0.05,
    0.1,
    0.15,
    0.2,
    0.25,
    0.3
  ],
  "clean_acc": 0.9886,
  "rob_clean_acc": 0.9371,
  "fgsm_clean": [
    0.9886,
    0.9536,
    0.8447,
    0.6038,
    0.3171,
    0.1119,
    0.0256
  ],
  "pgd_clean": [
    0.9886,
    0.9384,
    0.6948,
    0.1884,
    0.0047,
    0.0,
    0.0
  ],
  "fgsm_rob": [
    0.9371,
    0.9209,
    0.9047,
    0.89,
    0.878,
    0.8692,
    0.8613
  ],
  "pgd_rob": [
    0.9371,
    0.9192,
    0.8992,
    0.8797,
    0.8554,
    0.8289,
    0.79
  ],
  "per_class_clean": [
    0.996938775510204,
    0.9938325991189427,
    0.9796511627906976,
    0.994059405940594,
    0.994908350305499,
    0.9854260089686099,
    0.9916492693110647,
    0.980544747081712,
    0.9835728952772074,
    0.9851337958374629
  ],
  "per_class_adv_fgsm_eps02": [
    0.44387755102040816,
    0.6951541850220264,
    0.3178294573643411,
    0.27623762376237626,
    0.3136456211812627,
    0.1446188340807175,
    0.49269311064718163,
    0.14688715953307394,
    0.15297741273100615,
    0.12983151635282458
  ],
  "train_time_clean_s": 16.96627449989319,
  "train_time_adv_s": 112.79800128936768,
  "attack_time_1024_s": {
    "fgsm": 0.047373294830322266,
    "pgd7": 0.30449438095092773,
    "pgd20": 0.8289752006530762
  },
  "pgd_iters_default": 20,
  "eval_n": 10000
}